Electrostatics,Exchange,Induction,Dispersion,SAPT Total
-8.533656976330291855e+00,-2.028832020498417599e+00,1.074784406624856992e+01,-4.963985963438274363e-01,-3.110435269239661960e-01
